steps,0,1,2,3,4,5,6,7,8,9
0,0,0,0.1,0.1,0,0,0.2,0.1,0,0
10000,0.2,0.1,0.1,0.1,0.1,0.1,0.1,0,0.1,0.1
20000,0.1,0,0.2,0,0,0.2,0.2,0.2,0.1,0.2
30000,0.3,0.1,0,0.1,0.2,0.1,0.3,0.3,0,0.1
40000,0.1,0.6,0,0.1,0.5,0.2,0.2,0.2,0.3,0.1
50000,0.2,0.6,0.6,0.5,0.4,0.4,0.4,0.4,0.4,0.3
60000,0.3,0.4,0.7,0.1,0.4,0.4,0.3,0.9,0.4,0.5
70000,0.6,0.6,0.4,0.5,0.5,0.4,0.6,0.2,0.6,0.6
80000,0.8,0.6,0.2,0.5,0.3,0.6,0.9,0.8,0.3,0.5
90000,0.8,0.5,0.8,0.6,0.5,0.8,0.8,0.6,0.7,0.8
100000,0.7,0.8,0.6,0.6,0.6,0.7,0.8,0.9,0.6,0.6
110000,0.7,0.7,0.7,0.7,0.7,0.8,0.6,0.8,0.8,0.7
120000,0.9,0.8,0.4,0.6,0.6,0.8,0.9,0.9,0.6,0.9
130000,0.9,0.8,0.8,0.9,0.6,0.9,0.7,0.8,0.9,0.7
140000,0.8,0.7,0.7,0.8,0.9,0.8,0.8,0.9,1,1
150000,0.7,0.6,0.7,1,0.9,0.8,0.9,0.8,1,0.9
160000,1,0.8,0.8,0.8,0.8,0.9,0.6,1,0.9,0.8
170000,0.8,0.9,0.9,0.8,0.9,0.8,0.9,1,0.9,0.8
180000,0.8,0.9,0.9,0.9,0.9,0.7,0.8,1,1,0.6
190000,0.9,1,0.9,1,0.9,0.9,1,0.9,1,0.9
200000,0.8,0.9,0.8,1,0.6,1,1,0.9,1,0.9
210000,0.9,0.8,0.9,0.8,0.9,0.9,0.7,0.9,1,0.9
220000,1,1,0.8,0.9,1,0.7,1,1,0.8,1
230000,1,0.9,0.9,0.7,0.9,0.8,0.7,1,1,0.8
240000,0.9,0.8,0.8,0.9,0.9,0.9,0.9,1,1,1
250000,0.7,0.9,0.9,1,1,0.9,0.9,1,1,0.8
260000,0.9,0.9,0.9,0.9,0.9,1,0.9,1,0.9,1
270000,1,0.8,0.9,0.9,1,0.9,1,1,0.9,0.9
280000,0.9,1,1,1,1,0.9,0.9,1,1,0.9
290000,0.8,0.9,1,0.9,1,1,0.9,1,0.7,0.9
300000,0.9,0.8,0.9,1,0.9,0.9,1,0.9,1,1
310000,0.9,0.9,0.9,1,1,1,1,1,1,0.9
320000,0.9,0.9,0.9,1,1,1,1,1,0.8,1
330000,1,0.8,1,1,0.9,0.9,1,1,1,0.9
340000,1,1,0.9,1,0.9,1,1,1,1,0.9
350000,1,1,0.8,1,0.9,1,1,1,1,1
360000,1,1,0.9,0.9,1,0.8,1,1,1,0.9
370000,0.8,1,0.9,1,1,1,1,1,1,1
380000,0.8,0.9,1,0.9,1,1,0.9,1,1,0.8
390000,1,0.9,1,0.9,0.9,0.9,1,1,1,0.8
400000,0.9,1,1,0.9,0.8,1,0.9,1,1,1
410000,0.9,0.9,1,1,1,0.8,1,1,0.8,0.9
420000,0.8,1,1,1,1,1,0.9,1,1,1
430000,0.7,0.9,1,1,0.9,0.8,1,1,1,0.8
440000,1,1,1,1,1,0.9,1,1,0.9,0.6
450000,1,1,1,0.9,0.9,0.9,1,1,1,1
460000,1,1,1,1,1,1,1,1,1,0.9
470000,0.9,1,1,1,0.9,0.9,0.9,1,1,1
480000,0.7,1,1,1,0.8,0.9,1,1,1,1
490000,0.7,0.9,1,0.9,0.9,1,1,1,1,0.8
500000,0.9,1,1,1,0.9,1,0.9,1,0.8,1
510000,0.9,1,1,1,1,1,0.9,1,1,1
520000,0.9,0.9,1,1,1,1,1,1,1,1
530000,1,1,1,1,0.9,1,0.9,1,1,0.9
540000,1,1,1,1,1,0.9,1,1,1,0.9
550000,1,1,1,1,1,1,1,1,1,0.8
560000,1,1,1,1,1,1,0.9,1,1,1
570000,0.9,1,1,1,0.9,1,0.9,1,1,1
580000,1,1,1,1,1,0.9,1,0.9,1,0.9
590000,1,1,1,0.9,1,1,1,1,0.9,1
600000,1,0.9,0.9,0.8,1,1,1,1,1,1
610000,1,1,1,0.9,1,1,1,1,0.9,1
620000,1,0.9,1,1,1,1,0.9,1,1,1
630000,0.9,1,1,1,0.9,0.9,1,1,1,1
640000,0.9,0.9,1,1,1,0.9,1,1,1,1
650000,1,1,0.9,1,1,0.9,1,1,0.9,1
660000,1,1,1,1,1,1,1,1,1,0.9
670000,1,1,1,1,0.9,1,1,1,1,1
680000,0.9,1,1,1,1,0.9,1,1,1,1
690000,1,1,1,1,1,0.8,0.9,1,1,1
700000,1,1,1,1,1,1,1,1,1,1
710000,0.9,0.9,1,1,1,0.9,1,1,1,1
720000,1,1,0.9,1,1,1,0.8,1,1,1
730000,1,0.9,1,1,1,1,1,1,0.9,1
740000,1,1,1,1,0.8,1,0.9,1,1,0.9
750000,1,1,1,1,1,0.9,0.9,1,1,1
760000,1,0.9,1,0.9,1,1,1,1,1,1
770000,1,1,1,1,1,0.9,1,1,1,1
780000,1,1,1,1,1,0.9,1,1,1,1
790000,0.8,1,1,1,1,1,1,1,1,1
800000,0.8,1,1,1,1,0.9,0.9,1,1,0.9
810000,1,1,1,1,1,1,1,1,1,1
820000,0.9,1,1,1,1,1,0.8,1,1,1
830000,0.8,1,1,1,1,1,1,1,1,1
840000,1,1,1,0.9,1,1,1,1,1,1
850000,0.9,1,1,1,1,1,1,1,1,1
860000,1,1,1,1,0.7,1,1,1,1,1
870000,1,1,1,0.9,1,0.9,1,1,1,1
880000,1,0.9,1,0.8,1,1,1,1,0.8,1
890000,1,1,1,1,1,1,1,1,1,1
900000,1,1,1,1,1,1,1,1,1,1
910000,1,1,1,1,1,1,1,1,1,1
920000,1,1,1,1,1,1,1,1,1,1
930000,0.9,1,1,1,1,1,1,1,1,1
940000,0.9,1,1,1,1,1,0.9,1,1,1
950000,1,1,1,1,0.9,1,1,1,1,1
960000,0.9,1,1,1,0.9,1,1,1,1,1
970000,0.9,1,1,1,1,1,1,1,0.9,1
980000,1,1,1,0.9,1,0.9,0.9,1,1,0.9
990000,1,1,1,1,0.9,0.9,1,1,0.9,1
1000000,1,1,1,1,1,1,1,1,1,1
